rank,wallet,signature,utc,seconds_after_creation,slot,sol_spent,tokens,pct_supply_1B,mcap_sol_before,jito_tip,group
1,BS3FxZoEnDjt76iR3WhEkQZhLqLARVCDFu4dc4Z9dE3B,4wi3ZcYaGunjZx7Z9JoA2fa1CNY9zMs5xSa4BNwUjJzfBG5NRHtHiMQ1CB1e4j4iQJ2BTzL3xLksdmbGjLEqLYNB,19/09/2026 18:15:56,0,448485736,0.400988,13634393.23,1.3634,,False,
2,BMkHjN2N8K2PdCqeC92YYjUovn9ecW4GvFpH6yDggXWJ,3WAeijNCbLLUNddvXJXe6SB9rFjHPqwXnCX1x5ctR1pUEKJM2EaDRLA3GvYEVL4YucUS69Yc39TGz1FX8HbGUP9x,19/09/2026 18:15:59,3,448485750,1.078071,35083093.24,3.5083,,False,1
3,2sapuxSmfbKAziDJKTwJWtqfZoukBLKX5zeBCVdPDpz7,2EUddJ54bhKJ85Aj3gkzPoAsAd8FXFewKA6BypwtxqnSfJKbKQeVUzwyQGbZvmiFVMZKBE6g5vqiGVzEJdLsdXCx,19/09/2026 18:15:59,3,448485750,0.949099,28971996.5,2.8972,,False,1
4,27xjYFf3pQuHTLnNogacXii3rKzEyjD5nWkFdjvs2QUG,pbUTmQ4TSfKiF7qp25kPHLQoh9pgcdUhAGJu7uNP17DCxTuS7o17WYKLXJJADh4ACTg7iBJzLGsKh9Ssr5hfrTP,19/09/2026 18:16:05,9,448485769,1.011446,29149183.83,2.9149,30.61146247268774,False,1
5,FeS5huVYxZGEP4peg9bGiViSbesfCjyrD564s3ibT2q3,5JHZ5atEvm55P59Dkkr1dBgpPkvosy1Ah183SEBKphECCsa1syoMxyabF77iwXRgd5RosMs81qeeoCksPjXrRGbj,19/09/2026 18:16:05,9,448485769,1.015591,27601332.39,2.7601,30.61146247268774,False,1
6,985sqazousgFWXYTMnoLHBsdUfWJfHoCcPCYhkYBhVdZ,661JfN9XcurB2d9gCGhSVJ3j5wqWNUtbfMasYjWuxkqXT8i4nwuxQsA7Bevs4A11StzFALgYK1wZPqefUL3m3H1s,19/09/2026 18:16:07,11,448485780,0.514784,13430556.21,1.3431,34.415234732230815,False,2
7,7vZu6HQakBZmvYjD2GWKLRcdm4vVtaS5qxxrY3bZ1uQP,47opee5X4ih19dqUKUPZdvKNiwmXqT8zReqeZaAiYqr6GakpnsHqkXuAfyLazBvWrUYc3KdkvV2fc7qJdNjgUoG5,19/09/2026 18:16:07,11,448485780,0.523927,13282594.39,1.3283,34.415234732230815,False,2
8,J2ztQnZijWHQZeF18o6wvcKFttovvBoUjUvHPB4w2911,3KZyrP4HpiVqYMs1ZsKVaHWiyomcNzkGi6xr5Eb1Kc8o7k5rAyo4ZeLzmK6KHt4LSUqcpFHFhgFTcqPv4iu6UrBV,19/09/2026 18:16:07,11,448485780,0.486741,11992875.32,1.1993,34.415234732230815,False,2
9,2WAezAawFNVUttsXdy4GTymV9aEMvM7fpGq1ZFHuGouL,4baEnuQXoNuwZHzD81PajzP9qGTrxoaEzSuRXG3DvfTokAE5ws8esDwcnDivgY35ybnPLdwN228YspE353sijRDG,19/09/2026 18:16:07,11,448485780,0.49678,11921991.71,1.1922,34.415234732230815,False,2
10,ojiyURrcv3kvTaqdFN1gPYQ56GeyQbR6z9iN3JCpk67,5U9uhb7usEywgfAyfh51Q9CLzT1VZvYHiHt8icUpaPidKqJuHiQ2M56XAMQhwhhRTLj3jNpCGkrRtSM5iQX5qZyR,19/09/2026 18:16:07,11,448485780,0.732044,17082031.49,1.7082,34.415234732230815,False,1
11,Gsjt6kLdidphL7FbzZyS4W1WohqEQoLoZa3h9782NPqB,VywqGszCFH8XvkfjdCUMUB5xp5QVudFZydBZJMRFZyDpvagZ7mnVye4TdPAMXKAZssznXgLyeBYci9nC1yc5y9C,19/09/2026 18:16:08,12,448485783,0.208519,4582941.23,0.4583,40.3589072948886,False,1
12,5FihbCbCqXdz6yHcVWyyJbn1G2cpoarJ38RyAGFquks4,62vSuKieN493zGT9yFBQ2S77Jxp36y1UERuzthbVu6o3ud4X3MovjZpdKRVkWLpJECAeXRAzVTn1vFXUu9wmWHHZ,19/09/2026 18:16:11,15,448485794,0.053369,1190686.78,0.1191,40.78291948905025,False,1
13,H3dMhUXA153HdEVkG9KLURpBQwpwvQdt4B6nEvgod4Fw,4VbdyrvyuxdhXBDfhR8GzrBdpu1KUhTD9iDVF5NLiTHGfC7z2QtwhwfRAZcVxzRPYA8vPWq9WjgXoHMeFoQHDnTB,19/09/2026 18:16:23,27,448485839,0.009068,215985.97,0.0216,40.048248523741115,False,
14,Hh2yn37jiXuwCM4nkvAZPbc8CjL6j32Ho38giC1y2PzL,4SHm25po2zPZUP3G8s3wurw6hUpYLnTG2JGQS3mKVumdK41B3sErLqiXPm8qS5BrE2dZoS7a6QijqMNcH9AdhNz8,19/09/2026 18:17:15,79,448486034,0.452944,9473128.5,0.9473,43.79614107725778,False,1
15,FSz6mptAxKrjDjaJYQiGiCGGwsxL4WgWjsh9sGhw4BZX,pJfqch9XnSPpXcKFtb7pY5ENM7Z3utdwDaec91HBaqzrVYsvtjZhMxWEbGaysEyPX1M2QZXvn2XK284f17vSuST,19/09/2026 18:17:15,79,448486034,0.303144,6178232.27,0.6178,43.79614107725778,False,1
16,CiueJwuBw1cZVz4YzY4TpPtyaEQJEpmYZmxkLAuXurDC,3ZN4j9K3Te2KLb99tUfjAEPuySaGjZb8Q1VucNL1CDW3zTiZ84oZxN1KNdtQ1mygLdVgNeE4T4MKngWXNjgW7cqT,19/09/2026 18:17:15,79,448486034,1.003144,19940043.29,1.994,43.79614107725778,False,1
17,4WxE3GAiFG6EofdSF4N3DWXg5na9V3BQJJN5LuE5dzhP,ke7zqHWmCUwpf9hRFaR5G8zy12zHyBvakQLyRyDFk7bAtAA6RN4fcsQsEYFHQsApWmqUPQzfDfnFZqA46WMMKnN,19/09/2026 18:17:15,79,448486035,1.503144,28147841.16,2.8148,43.79614107725778,False,1
18,CKB1XYgbEmfEE3FJev7gFwEVtoqEvmsX6GhnbuFvuN5d,4pTGs8WHQo8WUQHFDmKSVEvbb311sy3R7RNBqsJbrseseDeWDtMEEnxcMAwX9boxXuEr76tjpfCFRobYmY8fEMpB,19/09/2026 18:26:23,627,448488083,2.65995,85270679.7,8.5271,28.589950545203397,False,1
19,HGxBHpUsFbN9Mnf78pCNBMkYnYdEQqcensEiBvX3G9AV,2QH8315RuX3UDhDPFTnEg1eKFHQLc8CALpPNRHg9sHXEdHLPaQgqQXEXek1xDU5ZGrmLaksPimhTKHYNV8YWus9X,19/09/2026 18:26:23,627,448488083,1.009028,28268117.76,2.8268,28.589950545203397,False,1
20,5e8DjVTq2NxESfa3RtMeGyhifiDyuwo4zmRHj8JNEA5W,4MbgMCuM5uZqRgbCpTr35HmvMh9vMwKqabTiACM5fCCARTE3wPn3nu4XWMcVNCw9JNgiF1uXRoa8ZZHxfwFomuWZ,19/09/2026 18:26:23,627,448488084,1.503144,39454234.84,3.9454,28.589950545203397,False,1
21,AmwJToZR4YkawNquDbiUHbZnC2Myq1CLRRryUQ9FBf89,3DtdfV5PjPsTTqkp7n1RFqvNUzyGuh2KEtsrDQq26XW3ZJiWP4ojk4edvX7KjjRSG215KNkPMfnS9zT9T6oHuqU9,19/09/2026 18:26:23,627,448488084,0.367624,9118226.83,0.9118,28.589950545203397,False,
22,4wbrLxXe4pwZe1u4g56BcKBN8uWi8xNoqwwN5tktgpVq,5Ntr6u4Qx7GwzPuCYiHa7eRAo2jERmCQutRbv9SHvHvT6WLmdXpjzTA78KkoiBfk67FL2uhBXGwQVnUuJ6EN51Ki,19/09/2026 18:26:23,627,448488084,0.061324,1473844.25,0.1474,28.589950545203397,False,
23,ELxcKrDwPRKcKJNEMkqdUgHRtXhMtQsbT8KbtRh51SCC,3qPGqpppXrhkhMauySJxqsCqcnTbh6C1HoPpN8r4dxiHiiqQtdqiVx6K2hCEMrKxPhdafSgEWnApv5wPS1298qtA,19/09/2026 18:26:23,627,448488084,0.082997,1999030.29,0.1999,28.589950545203397,False,
24,5SeKj8h71kgTXNtTKtyBLesKC5X8vDeuuP8wjn5Uhj1M,3jB59u4vvg9ybtKPAWgXAo3HhP4KgjjwM93CgPoE9bUtzE2Fa5bbPU6GgHPTntLvjKqTFgAUxMwo79k3JGM4Lxnw,19/09/2026 18:26:23,627,448488084,1.001614,23244790.13,2.3245,28.589950545203397,False,
25,CapEWd5ZrmywCoKB4J79rmip5tnz9fsUaxaSGgvMscWN,2djeszF6oSsLk9yYJVCK8WtP7Thg9uTga97XQAGC5bZwMJwECNJXrqkYimvkFcX8jsFU39xb6RjRzmdY6jW4pqak,19/09/2026 18:26:23,627,448488084,0.052248,1141684.17,0.1142,28.589950545203397,False,
26,jmemehQbZXX7QqNE7Eyi81MdTZw6cEAT6TU4Kinwtru,3kucybH137U63TNR9fZ3fCw6GayVLxfkVRknyTGK3v1o4mvu7R52gx29mbHT6bt8k4Lk2QUiwcw2RH97HDL46xVV,19/09/2026 18:26:23,627,448488084,1.644992,35891939.92,3.5892,28.589950545203397,False,1
27,EwMndgvbgdXuTCvT7bRGX8wPKVevyq7QZNVqWvFqFVsh,4mYTUSUZb37P3mf78uFNVAaMmxA4tGyKuZzqw7UbqKxCF1i9CTTCSp9V2rXcotsrYij53gYS1A325EVK7WCck7Yb,19/09/2026 18:26:24,628,448488085,0.506165,10341054.91,1.0341,43.81404603551466,False,
28,FhF2n25dWHMoh6TXfkZ51pSrDcNLptvGFKVYCzAqSNaV,36YMHn9TMbBzq2AFaXXn5DKqAQKiWnVS2Sk3iZc8B6WzVsT7PvHz44wR3D5GaJSZtuxC9nhWXY5dSeT8JzzPePe8,19/09/2026 18:26:24,628,448488085,0.508514,10085392.29,1.0085,43.81404603551466,False,
29,7W8SEZv79hk4445o56Fd6RzhbUsozkzGXi8vkc7vNRr8,4o24Xof2ZUunGg8pu3StdmEXo2HPpd477Qr3YY5FDKLiX8K8Xe4VYyw8DYwS4p3qFK5mKV3uCkLmx7HhAhAYmmbs,19/09/2026 18:26:24,628,448488085,0.429287,8396221.48,0.8396,43.81404603551466,False,
30,8dtx2tr4TuJsYpri2suggFu1pg3DVjFLBBVmhtDy1MEF,5UKpLmTvnxUCTbzu2n7HfELWnTuWYovFeMJCH1w7JkfEtbrgqjY3d8QLpPEzXNoEyAhS6sLRGKR89S5tHnGf9aYP,19/09/2026 18:26:24,628,448488085,0.828157,15770505.3,1.5771,43.81404603551466,False,
31,3Vggwn3LPougvnGa8zpYJMEN9L38tSRa45gv9odiSVF1,4YvTxikziWBXWHwXxv7Yqq3xhAo1xAsJCuSKuiVXarfzxhtBdVpxzLwxPx6vzSeBx4B5vzg8W31ykF1j4gbsM9Er,19/09/2026 18:26:24,628,448488085,0.071539,1309909.74,0.131,43.81404603551466,False,
32,67LwNGrukVFFcA1XZQ9U8ddZGCBuPvPHgMxw81AeRtQ7,5hkgg6QGMEBdbVxnCdwqxtB2FpyXA3BKEvcEp4eskZxDr6p46xqufqwigiC3AhZPaDWb3ziQCJY42JRVZxUWsL5n,19/09/2026 18:26:24,628,448488085,0.041559,746550.47,0.0747,43.81404603551466,False,
33,2R8qnLbbaceGu7G6CAxdr6UNTZCC2i93LGJ2oftsKwMJ,5NELiAzhpPQ9TCPZqzR3UtUr6PJQdgwfbda2qmpgPmd8wvDsoWyECbjC1kVT4de79pY2MncbHJh8rqJMQzEPFHQg,19/09/2026 18:26:24,628,448488085,0.102364,1860141.4,0.186,43.81404603551466,False,
34,8Tcn1AkBTPDXExQT7baVp4KNjpAuYqqmPVpp5fADkfTp,5zmnTHrTbUq9hyauwgpxEN6WWXZ3BuX4cNCU7z4T5vssyqKk1qF1FkMKKgmnTTKAPcAdt7AjQe8MDgeFE2zCgTn9,19/09/2026 18:26:24,628,448488085,0.00152,15.9,0.0,43.81404603551466,False,
35,EowQHF7nxLJmJSMsJeWVcggb5rwBmLTEDcq993iCHqMq,5Lq81UWPJwPzzEBgZCCZUsmjGot6pWv3X1J6N5Eq5oK7HGgvD5PHyChWfPfXyvKf55dVBzffVm9B9g3BtPL4KASv,19/09/2026 18:26:24,628,448488086,0.051539,926745.69,0.0927,43.81404603551466,True,
36,2Tp9scbrD3mrzFCQexmw56QY19bZ7VtRydAqkXUB8D65,yqP4fP4XNmFUVBJj9wiw4WTJRwJHfXtRPxLheWfEvndxkkJFLM6Nq4AkGupxwn8UiGdbCF898SN9X1d68DzXkTS,19/09/2026 18:26:28,632,448488104,1.022519,18441475.96,1.8441,51.03781585558774,False,
37,EZbw9MrMwGKE3PCYDos7Y7cQsaqoRAby9i18MjGjzxMk,VMajHNFFuy5GYyFSmJcVz7cJVgHd7rYqKL495kvaLBTvfqwVQaD84LpJetuwvSEtb8Hs5hFHq35AgaSa72wFeos,19/09/2026 18:26:28,632,448488104,0.427113,7586413.26,0.7586,51.03781585558774,False,
38,omegoMAe1AMY5MFKQQr3JwXVy8F4eCvmBAfcpo8XAfq,2u2RniL9UcSv9ehrdaJ4Wo8ojWUV3vNpJPjxbEYFWNcecmQAHQXCq6cVAa5hgmoYBXzJbNaP2qkJxnFQr3HCWEP8,19/09/2026 18:26:28,632,448488104,0.41392,7205977.68,0.7206,51.03781585558774,False,
39,nya666pQkP3PzWxi7JngU3rRMHuc7zbLK8c8wxQ4qpT,PKaSNB6BPqYjR8ovMGuAXVncHJ9sWGG1DpDEbt7CaoHy87M6om6eXQJ4veLToiJTFCHhXTXg3HC8ysYfngmw6it,19/09/2026 18:26:28,632,448488104,0.096426,1637471.11,0.1637,51.03781585558774,False,
40,9sNh7PyZwoWCxM37TGQpPB7YKSTtMKNb6muSHbM6xVc1,p1U1dRc9zuGAt2sMh52h8gjsDZZMw1uauPK9N6Joww3PAZsedZ4xqX2AZwYY5dzd1i83XiUkHXYf6HQo688FjNU,19/09/2026 18:26:29,633,448488105,0.002539,17335.55,0.0017,55.38023909416293,True,
41,BfgSN1eYQrXfB6Khqh52Zpo4Pdbj4ks1N676LjvY4nnL,4jsKSpmobKaWu8K9jk9d7Ufd9Q8yv9WZmrvN8uJtinkLCvyvQMHrd5KiNRE5uMqJXbKvqK13yGPambr5RfXYcTWh,19/09/2026 18:26:30,634,448488109,0.300044,5595623.9,0.5596,51.46754589281471,False,
42,8xBBEgBvcmeEqUWW7TJDXBwp1JmKZqKeHMgc6rKMVFHm,L89ba9ZKvMwfvEHuTnwTSgc1EJ4P6SHeM9BM8Dus6vSqKpAUViqJL8UCyoaHXQ5FdRJh2fkUkR85ouadfyPqKck,19/09/2026 18:26:31,635,448488114,0.031539,551812.38,0.0552,51.33566111655099,False,
43,9keCU8mgA23XV8LCgSCJEo4Lspmo9fRBA3MyxJmZKQSp,4cM2rwpy5fA2P5EaJapRMN4Fhywq6CNATBUsMqxa8r24dzKNTyJzm6qocHi9oJuvqUsksf7s8seUvi3haoDnVhtp,19/09/2026 18:26:32,636,448488119,2.003144,35440973.03,3.5441,51.5360855841435,True,1
44,SF9TGdsfTPcA3ZVmPdPtYphgzRg6ZqUY4hnjPgjD1MW,4yrgd6sMRZccUxGbznoQwAvR9vYuR5Qd2hb4CHSWv1arTsWptk7WkXxTKARAVBHoBGuH68U5j9CPKtmD3JLpRQc9,19/09/2026 18:26:32,636,448488119,0.303069,5039502.11,0.504,51.5360855841435,False,
45,51LsGCrv3onXpETWByT1rdbRRRmFWKF1HumaysHn8nv2,58CetAt9YVKkc8bXj6JaQHTLjQVHDUyS1SUhFoy65Fj1c6FLEKBG97bDnLd3Joa6CERPKKdFngWpaoCcEPor3bEs,19/09/2026 18:26:33,637,448488120,0.051539,833273.29,0.0833,57.00068099823745,True,
46,BEgBqxKNA4aunzgAcboRQAH9fCUme22qaryWyZt4pSNT,wqMS2hFBwgpfUrf3MjyTKNdEDcpC2Bd7VKtfi56nBdV6hhNrW1abb5VL7wDt1VY5yznMqs8y6FXtWJCf5P8FaP1,19/09/2026 18:26:33,637,448488120,0.00152,12.99,0.0,57.00068099823745,False,
47,EdgeuzbGsWhX5KXNB9St9n1EA7m74Ujr41KHykkFPJC5,2yGXazLwss17SZsgasGgzeJ23Xop1JzyTR1ZQGCeTC1LzddREa2YYEjEzjphpyAe9HkzRk9zrfmejb6J3sFxnUeh,19/09/2026 18:26:33,637,448488121,0.001521,13.17,0.0,57.00068099823745,False,
48,BdfKXFwyt4Bd6DR22pMmiHqz2QLd6Rp6mybxH8gGH3xP,42Wmoiu87iu3i9M2FL2pArc4tXsbC7gwVXAsC8YNAYvWJT6T6fonok2tpHvmscMLxp9ijqKFpsd9B1XPcZv67a3J,19/09/2026 18:26:33,637,448488121,0.00152,12.99,0.0,57.00068099823745,False,
49,CxkxCQYLWVRStkWwdCcsAX6BWcPnMeKGQ3zm2m6jVjV8,5jfzMr4QDGH1GTYCaDW58X3a76D3ape5utJkTW3TYjFAmi7N8pzFSWnZ3UhohU5NiVswoeJnJTAKfK617uwE7MpG,19/09/2026 18:26:34,638,448488123,0.363919,6008866.04,0.6009,57.315598010064605,False,
50,JdiXb4cb1D7ALRtW9Be28BGP4z2iipcAKDKu1ZKjpYK,nLB2ZELNfqNpBMSHXSYPcXDToZmy6Syif8MG5cufbaUWS9fFmZWppg2XHe2oLZekkqy6Ufrjy5eGauBCDBdu6hj,19/09/2026 18:26:34,638,448488124,0.592752,9588079.49,0.9588,57.315598010064605,False,
51,ceBaMgQ76Vc7eUYt6fgG6Lh2TGcbAe5PjfcDrHve8nj,62827RxU7crbxLUodn5pvyDBAk19sKshZpRyQmk9LFXj5SmF3P2pdVuunwVWsufL912HjbANXQRhu2jWS77FdhPp,19/09/2026 18:26:34,638,448488124,0.072267,1119777.44,0.112,57.315598010064605,False,
52,84VZLuj5jV1GC3YxK3ytjtFbZrXfsWt2oBaD3momt3ST,3YafoKqjTpXgmdbVEGstegBx1GD6S6EQohtSErSVKYM75DrDv5jzLC3FmtJHcUuXqQG2FmhxvGb5nGbexUCums8k,19/09/2026 18:26:34,638,448488125,0.363869,5764331.54,0.5764,57.315598010064605,False,
53,5i8rFRKn3TEWHTPC9JH7B6QQSNRmBx5TgUGiub1kAbJA,ZR1Bzd5bptxRp1xZnJB7NwoEbnoCLTWbRpw6aodKKjKg8d1gQ6T1dmbZFaGpZj7rGZT2L1QF7CHVyfvLuRrLcj9,19/09/2026 18:26:34,638,448488125,0.303069,4703739.13,0.4704,57.315598010064605,False,
54,59faHNVAg4XJ3pkdPaP5ruLeoeYtKWjGnc6XhJXkbJCr,48xVfQENf62WoScPZA5eohW1poSQ2ShiHy7J9y8u9Tta8BPwHBRHVcrrPgVNPfW54YiSqFE2RKgYmvcNsFUxKyGe,19/09/2026 18:26:34,638,448488125,0.262679,4026949.41,0.4027,57.315598010064605,False,
55,C5WLy9Rzzvz5PcL2hgiwZYkioKyzGj3wztFoJBXfXV5J,2m1PoLQiUbjT2pxgXmmTA8mBCGeGMqyefxm1cqeqLNFSpDvSxYfbwUSgzpNVf1bgES59YRne6yCwjdHwMdR2nLFT,19/09/2026 18:26:36,640,448488132,0.342955,5344439.53,0.5344,62.20725856700467,True,
56,G4EVnuyay2Jxnjq9U3M14pWsKt3YCu2cebFWCVxr9Q73,63LwYZzbKBe1mQaKgqHsmLsaUajaRvrcNShMc7fnr3Un4gFjQn8iu8ebYBDqp2X5VkjLkAReREGunVeimpzHVnuo,19/09/2026 18:26:36,640,448488134,0.151558,2310455.92,0.231,62.20725856700467,False,
57,G6gdqTc2QMhcokT81HzwzAmT7xxDcpZGDeprnSnzcHZF,2LobwpeMUicBGq6ZuwuAYxogMCN1VVVSBffTcQmswT8um2zBpPs6BJXvJEN1bZ1NoB619ESY9923iGKbqwoQKwz9,19/09/2026 18:26:39,643,448488142,0.701029,10455558.93,1.0456,62.101984909281036,False,
58,F9niA1hUbtYKeQKo8FVdjSRcrdBuW1CTC54uqrc6nCxc,6HAcFq2ALyehuYXRb5Q9LaRBKXRr1gvkD1RqDNTSp7BXMvobJdzfHcE6EZTGhYJm6zjyxAxuHnPaNstEHBFqYM4,19/09/2026 18:26:39,643,448488142,0.636948,9230883.17,0.9231,62.101984909281036,False,
59,E7zMtc51EzJZ3AAYJTcJJkdxNxdYFDPCRzfAwUkpmMip,4fh2DPXAoNLTc21YcjtVMv5bqx8iAiX9qp6baoBkpXMos1Vnce1YYaE7FLCS6LDPc4WxQmxjX53aeu435PHPrtdo,19/09/2026 18:26:39,643,448488142,0.67258,9488388.81,0.9488,62.101984909281036,False,
60,J9FLDAZSAANeXyF6TMyek3aVbjYyKzKZS14BGvwcrCuv,32DZ1GLTvCmruspsXmhcnqmuSHKW5UFiayncTAArBcv2vaNnVwD3oNajMdHdQrLBWLdva4Hu87hb6EXSTkJjcyMd,19/09/2026 18:26:40,644,448488146,0.191632,2701072.44,0.2701,67.71214750092143,False,
61,4bjsSpTCd28chbmMtKqfVfBbZihunjv5cr476BJN8jsv,ymvaviT55RfXDJ5CUsKD2w1oAUwVKWpHY1UmmkcMKxhoZmYGzBXMQXb77ntQKtQhETJ8SkCAeRDhYGYLub1kndE,19/09/2026 18:26:41,645,448488153,0.453616,6923612.18,0.6924,63.60898221609346,False,
62,H6wt1cY8WvDnNVRBERhhpnNjGSvKpaFZogiirXFGGRiA,3Datm9iZgz7QuTF68oUKYPTLzpevD5rV6wWGo3mq6FYWpPxnA9CxYoGiprt1PHRpcqkNBma8bHCSM8MF6wqRtA2N,19/09/2026 18:26:42,646,448488154,0.002539,16145.88,0.0016,62.33500774394232,True,
63,8Sebivf2jD9UKbchx8c5RALAeh2npR8e3pzWrGNGq43h,4K2zZCXVmpDQAn4Jf1axAxcREKfB8uN64nddAM1YyNXqRf6pm9KWc6dvW7Pa9zD9MWgiujSqNbeQQ1NTYVyUCLx1,19/09/2026 18:26:43,647,448488160,0.050044,873674.79,0.0874,57.88048298881163,False,
64,APkgAr15G7WbsqcPg5SQzXcTtJAx6pCPvCbunTPorueW,5Cju8u8eBLX1WXWj9akMPyNW4yfnANQXqvKt1kHZzLtqg9KxRhTWxa7DECYJqfXjeMgXNVB9Y7mbU8nHAn8VEAkY,19/09/2026 18:26:43,647,448488160,0.177293,3120069.25,0.312,57.88048298881163,True,
65,B9YyzXEYQwiJtY1MP2xK2yLr4Nr8NC1kxPB1kdCxkkkM,pmRvKFds7ncvb78FdFMvvdnfPA3UAC8HvpVG1AsPZkcKyqZLiakf4hxdKCNkaV2oYHJ1P4WtNGSQHaux1jnM3Jz,19/09/2026 18:26:45,649,448488167,0.028969,494346.82,0.0494,55.0896135559636,True,
66,HPyj58oj68B4a9yW17oJYroGT7397h7zEvevjPe2oZ29,4TdsKSCP5uHrbQgaw3Cx8BrEXdrTL95xLxV5iSbsZakcbgp6phMiEphKiJupWnn36ZQovzbaX8FsvMgRaowPxPKV,19/09/2026 18:26:48,652,448488177,0.626735,11281331.68,1.1281,49.56181311762216,False,
67,8psNvWTrdNTiVRNzAgsou9kETXNJm2SXZyaKuJraVRtf,4TdsKSCP5uHrbQgaw3Cx8BrEXdrTL95xLxV5iSbsZakcbgp6phMiEphKiJupWnn36ZQovzbaX8FsvMgRaowPxPKV,19/09/2026 18:26:48,652,448488177,0.0,593754.3,0.0594,49.56181311762216,False,
68,CcJX975YTw8owyuRwyC1m9pyC3ZhRp89VM12pfUfDBcf,3qAYyoG2EkGS34ArYUnW7ZS2WWbBmGaNTG1SYRGcfrWV31DgQDJTrLZUoPkf4CAtmg5mz1CZ3sran7Fxg8akDcjp,19/09/2026 18:26:51,655,448488189,1.774938,32036914.79,3.2037,50.99175912494187,False,1
69,CMUEzdRVFR31rhQcqeA6uc3HhU96cAcCr4VeeWmDhWCA,2PfiDgfTX9t11xWwyWH9od6b9GVWKcbCjMJn3sCiZxEHVpndYF1rEroHjxfAkdbzw7X6S61tWRgj6gV9PbkPNNEN,19/09/2026 18:26:52,656,448488193,0.003435,765862.0,0.0766,55.95120414962985,False,
70,J81J538K7Ux7TVU2CDbbVX5ZY8sXiUK8fr6Kkox4ayFN,5EAM15Nf61kXUaTDycG1iho4qcDc2FaoYr97sjLxLiBXAG4BLquYPP8pj1Uz2A6ZxfqGgpDLSRHgbeepuJ6R6kna,19/09/2026 18:27:03,667,448488233,0.251559,4439006.95,0.4439,54.10351981350152,False,
71,BQEQ48NS9R9TLycSiEKjnaLErGfXxhMszbiA2SYmNnTC,4b8HgbJzi2QJUmy82MSVVc1Y99pUxSWSiRaS8FAEojUrfGCbGtKJCy8VtHGghrE2bAmcHCuHJBAXHzvGGDtYbBJj,19/09/2026 18:27:03,667,448488234,1.375747,23817153.58,2.3817,54.10351981350152,False,1
72,5F8qXBPvyNBnoSWmA5oeDwK9SS3Hv29o36Pn8xVpBLYi,4Rzg96SJeKgym1iyKVXYxGidvf6VwsSp9qkMyT765TqAjHqdgxDVKWJhpGtAzNVUe38oQvPnYdfSSTk7gaN28Twb,19/09/2026 18:27:04,668,448488238,1.002545,15896486.41,1.5896,58.364652703814244,False,
73,54PQazGApMQvNwwBS7V352AqcdX9moBJNTTYsa7veCq7,4CtAV9UQk6f8e4Gx1KDpzg5TkgLZ8B3vH1pgB3w8Be81Mr2kSTd9LvrhjT1Jttn1osYm44o66rWDuaMLe7kPm2tw,19/09/2026 18:27:05,669,448488240,0.104519,1556513.31,0.1557,61.48092995737465,False,
74,E8MNtTqTT961oEUjLUARU1vJngV5dh2mvRzM2pYKVwNG,YB2Tk9XYTMeXa3ELdGZ5FQ1znZadqeSN6UHM9Jazhx1qsVmKvuUtYhFJRVGDGs8FxMMUUqMdFqjuhy6U2erEp7X,19/09/2026 18:27:05,669,448488243,0.196238,3034170.27,0.3034,61.48092995737465,True,
75,FqpxzuAAUZjd14pFNU2CWyKGQZtbeuT5DwSVgg9cfDb,3e6w251Gq8ZonijsNJLKyBMgNsvHakpQqdMYKSDehvxRRgY4b9LNfqdABW83T64YbnzMY3hNt4trGCWHtdZ1RMNs,19/09/2026 18:27:07,671,448488248,1.080278,16252863.83,1.6253,61.91540519140074,False,
76,94CSkmryWUnhqRazYtPw6bDuUSynWGfXAbqj34o64g7S,65FZpPic1nysU9WDHEMykaYqc9T3MY49DhKPU3X14yC8gLat1VTkzVDoSKKoK2MPXqPhtqcCRZK1RrmZtMXZt52A,19/09/2026 18:27:07,671,448488250,0.051539,734246.08,0.0734,61.91540519140074,True,
77,3Fn8aP9v3R4R7eqcUgC2H2XxY8zLaEvm5uAi8M1pAWrU,3hTxgtxMr5pFLNEY4TiKUsm9M7v6DtH28gLbhSSZHyFgNqW8aenHmDZbhAZ3NZvw5pvUKSvqKG5k9EN1fBEkkyPe,19/09/2026 18:27:08,672,448488252,0.135714,2009863.39,0.201,65.20408106520881,True,
78,B7icQcVqbGV9ZjiZGJYNnyjYi6PeVpsR9ECS2wwWyypu,5SZnTLzWN1GQKZh5gRQzgB8usfnucGFF1z4QoUjuLv3Asqk1CAEjCBQna7tm95ZZcDcMQ6urXEoXnYUxpkx5fFFK,19/09/2026 18:27:17,681,448488284,0.50105,7140104.35,0.714,66.25618527009127,False,
79,Er6HyvyY7uyh7eYM3Qg3pjykJ8fUZtwL6MkcjqorT3vD,2Ek71FxAcxmyoC2ubcAKnws8V7ayvC2FDgTmiZgYBdY6qBGW8MFQnWR6pXqmVxF34P6jLLfG5gYUaojVkL8FjbrR,19/09/2026 18:27:21,685,448488298,0.044396,667630.78,0.0668,64.92864765230577,True,
80,4FBKJPReH7TSMQs5MNEWSMkSyYioeZDQP8hhr6Ah4zms,4g2zaqpTpQSsziMAMBFQtk8TrJiMMhSG6L7H93z1f5U1PkafVJ94ZkGSBZoPuFtGiD4pSC7ssjwuN8cAZyKhe5gS,19/09/2026 18:27:22,686,448488302,0.059892,898629.99,0.0899,64.46854360713293,True,
81,6MG3azeitjogxin9Q2ZRoFrgsg56Ri2dmpfNe1GjBUKD,25zCX2bvwzwS4j7UNWveoog3JFSfMy1z89MLvLYHwAXnAaKzWHb1sVVx8Tg2unFAq7VqPbT38mMYpEQgg8k4fmjT,19/09/2026 18:27:22,686,448488304,0.05023,750186.9,0.075,64.46854360713293,False,
82,CzkkFqru7BgrG3Gcpy7Sft7J72kxaFadb5YtNzfgPiVq,3mgBbLmkAMuUX9Mcpgdo4ipisipzob3AngjG8BAC1hCqi1LZpSxdjSigtLpJsovBUtPyM7n51SefttpjZQLEG2h6,19/09/2026 18:27:27,691,448488323,0.022876,361442.03,0.0361,52.833463499510685,True,
83,462DzT9kwfLpwToKj9iKibmCerLvyqmE82nJvVeM1ADR,5o6oYBcMdv3X6QoP3zvuJsZhcXS3cm5hD1uMW9f7udL8MWzYa5JbDsEewY9X6mBvyj8gtnXXDUT2ZEq57vT95abE,19/09/2026 18:27:34,698,448488348,0.201055,3475606.17,0.3476,54.718463090148944,False,
84,HW4otWPfSUZ7aLCkqKmpo4ke3TbgBtt846qsLZXeFrDF,23sWxifNpNaGE2JTwpsniwUa1tKfhRF4eT7RBnws7FyoiWJneWQM4zDRsSzE3cLDcNMyumEBHYLRCsEoG4dhpWds,19/09/2026 18:27:37,701,448488362,0.020811,373677.54,0.0374,54.656380044068584,True,
85,GhuUVX7wmPziGJYvWhe4Ce3oDCEWtLXajhNscaywF27N,3Kkx5t1Ki8Acn2Fsw5k9FcSXebAUrju3YJiVjSDc6c2B9iKWCLZd3vEbg7ZC18E7CVpSq2TPDQcGrFe43JPNRCo6,19/09/2026 18:27:39,703,448488367,0.027073,426131.0,0.0426,53.99377667909189,True,
86,E1TsL6fyLxMTjaiMjSCQRsqzznW3H1XHabtBRrP5ri7Q,5MSDx9ziEqE6GCghVcJbRjDLu9V6kPs7cEFCeNEMoGrRiZS4KRfvZz7kFFvo1h39KGmUbkQnmC4TP8taUpaJv6KF,19/09/2026 18:27:44,708,448488387,0.71055,12556248.13,1.2556,54.0188144065871,False,
87,ETp1KQCyGkU45h1swAKrvyetE52mJM59zpBeDffnVxj9,51hLeyFVdUhMeaP1fHSkWTtXqL37X42qy5PGJ69uS1XbN1mx1dbW8Nhjpm4dFmRqHy8zhbpGQkSve9rSxTYTYNvu,19/09/2026 18:27:51,715,448488413,0.102542,2224189.94,0.2224,42.975639221659776,False,
88,6Z2jFPSA5k2ng5yYEHqdQhGua9DeyjcGcMgNoyrfKTRP,43DpWJ5SFWFGvWihRFqzMDPjy71q4WeTscSG7SJ6t5wV9PHUMhvdcNH5fDJgkQUFv829P4vhkPhyo6vt2qdd3K9c,19/09/2026 18:27:57,721,448488437,0.013422,234361.76,0.0234,42.12680219544874,False,
89,4eeZvu6Xjzv9KwssDRsLpN5ZzCgdcqhq3EkhK5G6zyi7,5EcAyHoXto3UbWvEUMPT3Q6shVRJ12gA9RZapu9TER7ioG9epLAVr2BKJ9nx4xYytduvBmqyePYfxbxjcQrF4PSG,19/09/2026 18:28:07,731,448488472,0.677101,17287266.97,1.7287,37.10043987835202,False,
90,2WJTQ6q91HBZLqHuVuRLgsiGQV8yCgVKtzaLX4HBfwMo,2As5qPuxTQv8XLPU2j37tnUmYgzkyvnh1d3HtEWfGuXhpKpxiaTrE325pZmfYd7c3oev2KBV9vVzhmJCGeELDfMv,19/09/2026 18:28:07,731,448488474,0.271027,6732347.28,0.6732,37.10043987835202,False,
91,3SfQKT4BKxrd6C2x4haVdQ8spY1Kf8ALv7CSNrTSiy7j,3kVSAXFMRcJk6g99j68EedjZv4Gk4yEoQVAf2aJjPKaVEL8m4YFPVozii9Uwar9p2DAD5Dvp8M87gH9uHbnGAYp8,19/09/2026 18:28:10,734,448488484,0.894105,21153041.51,2.1153,38.81983531422204,False,1
92,ERZjMWZ4iCisTSUEm9ekGYqAH4mP1nUKdgNuRV5jStcC,Jd3nK2fARC2R8JVv6Nrd7fShZoqaerHAaeAVpXqJydsRRG8VzD1Dn53wEAL7esKyBRpihqdtbZcmrFCtUSHppAm,19/09/2026 18:28:11,735,448488488,0.045409,1051626.3,0.1052,41.417923110389026,True,
93,6Y9sgJ8r1Fsv6HXgCwDY4V5rYTkwPtY7mpry4a8iLYyo,5iBFA96yc687Ezapa3GABwcwDonbWFWHfs4xKw8yky8Ni7xFSSD5nSA1TVpqS6kcqkXBKqZ1KdyHEJHTguLx6Lu4,19/09/2026 18:28:15,739,448488503,0.047962,1026236.26,0.1026,41.96292297377122,True,
94,GxdnUwUmD4ow8HoSr2NinMcBU68mrJavkRM9StWhM8Ho,4wDUr7GyHbaVB9XviZcg3oaqpBbKWKXnkgm5mdnupCBc8JD3fW2twkKdiBfaAtj6ap9q5WFKcYyPzCHo7nj7Bqbh,19/09/2026 18:28:19,743,448488515,0.163089,3634608.79,0.3635,42.06281733168405,False,
95,3X4rhjWpz6x1o6pdEQwnR1d539B8X56m1u6QBSceFfqs,2gQvW7dGQ477aocGnBqSTWhzWPqgm4Q5KciFWHy7ZzvY4G7ni54g8sKDhYQQqZ3Gcky1Eqz2vtUSnwZgmePvGXhS,19/09/2026 18:28:25,749,448488540,1.008019,22724630.41,2.2725,41.41822400085287,False,
96,2DsuQtNNP1xWGot7gAfzVc2GpGpyWAvP4iFETs6qyQ3r,2fhKfBfuTjYGqCjgHeLY7kBPFyzEpuwRZyYTBTcKqrHarxeFeesmrPFdhqn1h8y1RFJKCJedp8jV5ecVxmFMdHCk,19/09/2026 18:29:13,797,448488720,0.003341,34852092.25,3.4852,41.93809499646429,False,1
97,7Q6RcQKsmpaRsaK17nuVyxDEWMRcPJUhboHvsqNRgTsR,3RXxE79vdQtRgTZnnR7qV7H85CPtzekeeMPP6MdDgsiKmGQ9xrQTxwqaFQtk4vCzSrv6ZLhJjZmaCVt2JAkwXBkm,19/09/2026 18:29:13,797,448488720,0.482618,10003551.06,1.0004,41.93809499646429,False,
98,kv9h5rzPPL6bS2MXbnTzA1imRohMKF8pqFd1UP1aQ2U,5XtUCs2XD5ufAaBVw6M3z3tzLzCwCXVdHsp2ipjJBEKTd4HR9tqRrwdN18viqawAjUttWteta2RnhWpWvNZC3vHt,19/09/2026 18:29:13,797,448488720,0.301867,6123034.3,0.6123,41.93809499646429,False,
99,GstcBehgxwP561ChUEicCmRpy2cQSpmchEvnaRZA2CHE,2ZjC1Bsrp4yKg6LSabQanhn762vbGJEDuYH3g4NvCujeCojtkVj2YhQyChx91Jy8TqLgfgYyJqahAgykDqb1dErt,19/09/2026 18:29:23,807,448488759,0.011924,257181.82,0.0257,38.16789084516976,False,
100,GeyTZyQTzzsUyceWAkdaHwgrRLmsWq1T7x3VFmLAyUw,2d8qozmLGJMpz9AXCb8xnpKUpu8sh7Rai3LxAoC9HUvoY1AhMyYzpn6zE4jzv8J6ZTDri9NFLj1JtQuW3kwPGCnS,19/09/2026 18:29:35,819,448488803,0.001734,35766498.0,3.5766,35.86792754858963,False,1
