wallet,relation,group,n_buys,n_sells,sol_invested,sol_recovered,realized_pnl_sol,tokens_bought,tokens_sold,tokens_transferred_in,tokens_transferred_out,max_pct_supply_1B,balance_now,unrealized_spot_sol,unrealized_liquidation_sol,n_priced_by_pool,first_tx,last_tx
CKB1XYgbEmfEE3FJev7gFwEVtoqEvmsX6GhnbuFvuN5d,early buyer,1,3,6,2.678227,4.831176,2.152948,85271105.52,85271105.52,0.0,0.0,8.5271,0.0,0.0,0.0,9,4pTGs8WHQo8WUQHFDmKSVEvbb311sy3R7RNBqsJbrseseDeWDtMEEnxcMAwX9boxXuEr76tjpfCFRobYmY8fEMpB,2qQenVa4bzCsdnaMu3BtCFjsqY5kma1fgnxDAF7QcqPMjwBW3sKFxYdBVMBeCdffDk6J1ZPdmyr4KuYVJzxYt2St
8PoVFsKZWXJcosU8b6XqJDrAKDkLnwq68wM5V1edg5GU,top10 snapshot,1,2,8,12.003063,16.856642,4.853579,47481626.63,47483699.89,2073.25,0.0,4.7357,0.0,0.0,0.0,1,4c2pRSKSNRRpYivVG5Q6UFfMiWEvobRfZqocQQA18JNDfCgjoViCs4Wr7rxJeYwn8QTZnPssnK4Gy5KmKc1zkpnm,8MvGjB1QZVPHgKnnmeDqREochCy63E4n9aBp7AR9ycyaGG7hEpsPuj7mJypi8GyZVoBxraCZfXcHWNNftBphPMv
CzpwuNRsLLcYS6pqtUokVsf8MsVA771CPkT2pcZWt11K,top10 snapshot,,6,27,158.324418,1013.586738,855.26232,44433310.63,44472418.17,39107.54,0.0,4.113,0.0,0.0,0.0,32,588fmGvwj4b1gPgfTs2dYuDcGLmGrceHh435f5DNx6orGZkj3mR54W54pcT8vxVyAPWwzj5Cnv7Jj9Zr13xLUW3z,45rViHK8VzDfk1yXp5JwiGmVxonrxNSJLz35B78gQ8DnUbGQNmwUPTfF7KeUuiWvjcQL5AqCoA5khaVxFENkgF55
AveszuoheU2tD8LDLGGUHmWQzfRus4bmvB1dt7KvBZc5,top10 snapshot,1,1,23,2.00153,55.902084,53.900554,40744886.54,40744886.54,0.0,0.0,4.0745,0.0,0.0,0.0,0,3f7tLu13tbKqevGrfgMnt8enzrYzXHGd7tayKncUqMo92Uc7JkC7Vain3D7G4jwfbCGMgW6TynfJNp82PHRuxxLf,t1ED4sRo5x6239hzSNtMF3tkQ8yXD6MnbVKPfzN9mS8s1JNfpxpFprHSGk8P3WoisgeH8JR2xGA8jCgUTwk59bg
5e8DjVTq2NxESfa3RtMeGyhifiDyuwo4zmRHj8JNEA5W,early buyer,1,2,2,3.006289,4.140897,1.134608,53075421.08,53075421.08,0.0,0.0,3.9454,0.0,0.0,0.0,0,4MbgMCuM5uZqRgbCpTr35HmvMh9vMwKqabTiACM5fCCARTE3wPn3nu4XWMcVNCw9JNgiF1uXRoa8ZZHxfwFomuWZ,24ZvGvytui8cvxZ6d2Hnb5iiGJK9dA6Te5spvG4rqKmqDL6Sdu16Cnuy9Z1FWppMm2R9wMdtf4a5kqHm2fi7eGvc
ApMDvXrCztsLqmo3g8DbGawkaKSMEwQBNKSutAuWEwq1,gros holder,1,1,2,5.001538,10.744926,5.743389,38050662.22,38050662.22,293.65,0.0,3.8051,293.651118,0.010254661976976505,0.01022381383253432,0,3GmXNkBhp2WU96F6yVZMe9q1ZebaPoLUL5nb8NqMCADXbJYtu2Xmx9kqaMZTF5BjfDtf5o1uJCeVGgmjBgkoubjP,FiP794Fnc8hkuaxYqPacz3LvYJJkMGQUg5nPuHhBtorXZ3ZwKA6j5yysZKgMMfQN45oqyDwqV58jUvWTGbwaCJZ
9Bge8wSj8D9yghaNjSJoCJFhUTP8q4KssuE6MmjDYY7v,top10 snapshot,1,1,21,2.001536,21.654912,19.653377,36957336.78,36957336.78,0.0,0.0,3.6957,0.0,0.0,0.0,0,3teGwvUsuSuMW1wAMXdRJWCJRscyPUiNQ8CkuquCfUz1aMP3ncqtrBeaVyX6Ad79y5AST8e9dux8wPzqZstD3yWm,2vU6YHWniUo9LYQkAJ8Sddq7L2Ymh676cL1KWRf3ig9EQwb47GNygRgFhvxML7hjD1Aau2uPvrx1PCcyg6Fjxk6c
jmemehQbZXX7QqNE7Eyi81MdTZw6cEAT6TU4Kinwtru,top10 snapshot,1,1,10,1.644992,13.102723,11.457731,35891939.92,35891939.92,0.0,0.0,3.5892,0.0,0.0,0.0,0,3kucybH137U63TNR9fZ3fCw6GayVLxfkVRknyTGK3v1o4mvu7R52gx29mbHT6bt8k4Lk2QUiwcw2RH97HDL46xVV,2zrs7m6RXHWXHdinkTUhbpjfdCQm1XAnQxBnVQhzWinPRGD3afNUsrjt92UmcJdiH6mJJsikmvR73Fd2kBavS1mt
DSQeAaPEdWsqAYBG6wmQE3oxoCGTUVb8Xu2ouRmzixa6,gros holder,1,6,106,21.360729,466.90605,445.545321,45921870.04,25738915.41,12641994.55,29062733.2,3.5837,3762215.98686,131.38125777415357,118.49080312956282,0,5HSwBuyzWx5KzThRq5Zs9zjfiwiTRAq1x8gXVQqSV9AWPuun2kme3HrCopL98agEhDDQdTLkhGJGWoSSbafHuwnS,4qonxbf1VwZw2bgCXa9MpVTg8TmtcSasGuUdbCszKj4V8dEELQreTBPZPfdZeFdKzeGuZ1JY1aCn1wWv1ztaFcbB
GeyTZyQTzzsUyceWAkdaHwgrRLmsWq1T7x3VFmLAyUw,gros holder,1,1,1,0.001734,1.431134,1.4294,35766498.0,35766498.0,0.0,0.0,3.5766,0.0,0.0,0.0,1,2d8qozmLGJMpz9AXCb8xnpKUpu8sh7Rai3LxAoC9HUvoY1AhMyYzpn6zE4jzv8J6ZTDri9NFLj1JtQuW3kwPGCnS,5C35tMhcUY8tkSR2YGf3624gSzVFzS9YqPsqL9XXRGzm7Xfd5mao49KY4rzxdk9Nb4wMQWBZkwVJunCibScGSBxp
9keCU8mgA23XV8LCgSCJEo4Lspmo9fRBA3MyxJmZKQSp,gros holder,1,1,1,2.003144,1.895901,-0.107243,35440973.03,35440973.03,0.0,0.0,3.5441,0.0,0.0,0.0,0,4cM2rwpy5fA2P5EaJapRMN4Fhywq6CNATBUsMqxa8r24dzKNTyJzm6qocHi9oJuvqUsksf7s8seUvi3haoDnVhtp,5gKQWtuctMEUx6S9LRwkTwcPucf2FDVBPEg3kHB3qPiYbUWBeUAAgDr5mkEqrkyiBCyq6qnxh1tt5Vv2v3wu9ETM
BMkHjN2N8K2PdCqeC92YYjUovn9ecW4GvFpH6yDggXWJ,early buyer,1,1,1,1.078071,1.076133,-0.001938,35083093.24,35083093.24,0.0,0.0,3.5083,0.0,0.0,0.0,0,3WAeijNCbLLUNddvXJXe6SB9rFjHPqwXnCX1x5ctR1pUEKJM2EaDRLA3GvYEVL4YucUS69Yc39TGz1FX8HbGUP9x,GXTw6ub1yDhT3mE3J4DDjEkufDu8xxzBQ5wB92aD1GL7C2S22r2we3L5G6uJnbprx9T2a7aekM9UoRvUhKKWZAQ
4bgyVZgsau9wkim1H2bhhuGBj41ZXgqMzAUYjkDGQQta,gros holder,,4,187,7.001613,604.757309,597.755696,45086260.03,45086260.03,0.0,0.0,3.5008,0.0,0.0,0.0,0,5VpdR1cycbdWzqym9SvWb1AUGci2VUk2ftmEAv5Ra6FUievRqRyF821BMGJLBWLCRkj7pkhRCy9zrC3BwKCoTMDt,2odS62jNdSsHYC7BoBpBGyef5fDPsHWqaEguZZeujVXB5TThyEiCZhtmvh5cjv4SuWA9osmKZgrHwCVGQz2eWYo9
2DsuQtNNP1xWGot7gAfzVc2GpGpyWAvP4iFETs6qyQ3r,gros holder,1,1,1,0.003341,1.617144,1.613804,34852092.25,34852092.25,0.0,0.0,3.4852,0.0,0.0,0.0,1,2fhKfBfuTjYGqCjgHeLY7kBPFyzEpuwRZyYTBTcKqrHarxeFeesmrPFdhqn1h8y1RFJKCJedp8jV5ecVxmFMdHCk,5CDzXq63QMUQ4HyYByycomq5HsqTvszxg2r2bQYeUD7haWYXEJgZeKN6fo1ih3GBTpeF3wBSCnWQkvbzAh523uQT
7Y6S3F9Y6z4No9Nsy1UG2gpSsmAMaduijZ8Ymt4soQrM,gros holder,,15,18,7.346482,393.958378,386.611896,34258229.77,34258229.77,0.0,0.0,3.3914,1e-06,3.492124275507272e-11,3.4816479026806525e-11,33,2ZA3TnCYtgqKrLYWCELhbbwqngbQwHhrXYVpGZzUxdZrCpL3zhiQM2F6KDcTZ167finB5Wah9PdzkoZNfQCQ2Kd,2hm3utxr4UTAiLkX4bwg47FMzG49o4f9fNm1UFC2M9uHY77BknVTHComdyp1xkPpBXLqBttmVivJcw6aWDf6Zpbk
HbX6u6QdUiXAD7r2QL9QBBc3NhoDjq2WbDxypK9dqw8k,top10 snapshot,1,2,5,4.001543,15.507585,11.506042,32413840.43,32413840.43,0.0,0.0,3.2414,0.0,0.0,0.0,0,3nk684MG6hmMGjuFkkCEedHqZV2guApGsDuDMViDh1Hwzx25SygSWRsVUuuHug3VZ8a5DEipYegL1dgtz8dzgaTK,5hQLnv3ycFTGSbUyzSaQdGE7YFmviDb2i9TUCNsH3bdagLx6phN59b3qvDmf1HZvBN6422DEkU7ov8q21zkbB8hp
CcJX975YTw8owyuRwyC1m9pyC3ZhRp89VM12pfUfDBcf,gros holder,1,1,2,1.774938,1.79324,0.018302,32036914.79,32037844.99,930.2,0.0,3.2037,0.0,0.0,0.0,3,3qAYyoG2EkGS34ArYUnW7ZS2WWbBmGaNTG1SYRGcfrWV31DgQDJTrLZUoPkf4CAtmg5mz1CZ3sran7Fxg8akDcjp,4658ujGmaz5Lztg6aNRDyoJr9qzA6EdQBDbJwopC1MEgHmFitzTJJNyYvz6sq6uDDxmcvUMfY1bg5HmfURd1HdBs
BQEQ48NS9R9TLycSiEKjnaLErGfXxhMszbiA2SYmNnTC,gros holder,1,2,2,1.81975,1.212998,-0.606752,31852660.72,31852880.93,220.21,0.0,3.1853,0.0,0.0,0.0,3,4b8HgbJzi2QJUmy82MSVVc1Y99pUxSWSiRaS8FAEojUrfGCbGtKJCy8VtHGghrE2bAmcHCuHJBAXHzvGGDtYbBJj,NQSUkmj6TQGLjSQXCSbTDkVKF3PXiwA6s8S3FWnzTCkJEGFSqB9jjx4nZQabWXvh1XGk93jzGVwgT2mSLdUkR3H
2WAezAawFNVUttsXdy4GTymV9aEMvM7fpGq1ZFHuGouL,early buyer,2,2,2,1.726866,1.779787,0.052921,43643830.65,43643830.65,0.0,0.0,3.1722,0.0,0.0,0.0,0,4baEnuQXoNuwZHzD81PajzP9qGTrxoaEzSuRXG3DvfTokAE5ws8esDwcnDivgY35ybnPLdwN228YspE353sijRDG,5Y139nKsGuMJuww5UwtvsGCLsCApMyrdmUrMDvJYwQdeuEFag57opuCiHK5pKmSHAQ8yZBKJirZGbxs1CM3JAfVT
7rnTq4E9bgkYTqMx62142zAFXnyifkDdJgGZc8jNq1xg,gros holder,,1,244,6.702852,180.611068,173.908216,30795841.19,30795841.19,0.0,0.0,3.0796,0.0,0.0,0.0,0,pXMF6jrh9PrNysHfQTCm1iPo7tygkroF7t5oyfdNpwj5PVZcGiVhgEGeevE1TRKksPVdjnMyCnyuGFBKjwMzyWp,2dC8q1zCVGKhg5DuKpAoZfFupz94rwRyUFN6M3BqEcKJfiZbrzWcCf1fmBKED3Ex9MqT9g6TNDqbbkzSq7MXRWZJ
27xjYFf3pQuHTLnNogacXii3rKzEyjD5nWkFdjvs2QUG,early buyer,1,1,2,1.011446,1.055222,0.043776,29149183.83,29149183.83,0.0,0.0,2.9149,0.0,0.0,0.0,0,pbUTmQ4TSfKiF7qp25kPHLQoh9pgcdUhAGJu7uNP17DCxTuS7o17WYKLXJJADh4ACTg7iBJzLGsKh9Ssr5hfrTP,2TsP32NcTiJ3VUnvxmydN9QkUeha1HxPPZuUxZDcBi3yw47QWTrun7inMCcuvSJo47y2G5F1t9BSxkUSivDBq5Pb
2sapuxSmfbKAziDJKTwJWtqfZoukBLKX5zeBCVdPDpz7,early buyer,1,1,1,0.949099,0.834857,-0.114242,28971996.5,28971996.5,0.0,0.0,2.8972,0.0,0.0,0.0,0,2EUddJ54bhKJ85Aj3gkzPoAsAd8FXFewKA6BypwtxqnSfJKbKQeVUzwyQGbZvmiFVMZKBE6g5vqiGVzEJdLsdXCx,46npG7RuZnXV1497US3WrUPRmukjfS2wYXTN1ktBidmnfG9Mxafz6HxhwzG6HiJwHCeMCgCAGDViU1CEGGas3UJS
HGxBHpUsFbN9Mnf78pCNBMkYnYdEQqcensEiBvX3G9AV,early buyer,1,1,5,1.009028,1.504757,0.495729,28268117.76,28268117.76,0.0,0.0,2.8268,0.0,0.0,0.0,0,2QH8315RuX3UDhDPFTnEg1eKFHQLc8CALpPNRHg9sHXEdHLPaQgqQXEXek1xDU5ZGrmLaksPimhTKHYNV8YWus9X,3xwatznafkW8kC5WBLLW7k1Ze4jzD96e1Z7dTCH58g3EeBbNwxU9qFVjkmyEmLxkrhQvma8UkjdpJDX9HkmMc57j
4WxE3GAiFG6EofdSF4N3DWXg5na9V3BQJJN5LuE5dzhP,early buyer,1,3,3,2.509433,2.454857,-0.054576,31803938.02,31803938.02,0.0,0.0,2.8148,0.0,0.0,0.0,0,ke7zqHWmCUwpf9hRFaR5G8zy12zHyBvakQLyRyDFk7bAtAA6RN4fcsQsEYFHQsApWmqUPQzfDfnFZqA46WMMKnN,3pb1jyXUntcEqoU1RPP6d7i2xATXqtNphkTPr2fBodfUV5NxLD8aENLpg5vTa97uwSjqCHTxpX6eZ6xrfWzg1dMT
FeS5huVYxZGEP4peg9bGiViSbesfCjyrD564s3ibT2q3,early buyer,1,1,2,1.015591,1.031968,0.016377,27601332.39,27601332.39,0.0,0.0,2.7601,0.0,0.0,0.0,0,5JHZ5atEvm55P59Dkkr1dBgpPkvosy1Ah183SEBKphECCsa1syoMxyabF77iwXRgd5RosMs81qeeoCksPjXrRGbj,4WUYQBCVPGEvqzyWrhPcWNu4ek72n2fKcidujrdTFsnJHCe2mtvAZdA3m44NtyDckjNHQdoSwzjAhsrHPifHDL7S
CiueJwuBw1cZVz4YzY4TpPtyaEQJEpmYZmxkLAuXurDC,early buyer,1,4,4,3.512577,3.577609,0.065032,66304671.13,66304671.13,0.0,0.0,2.6296,0.0,0.0,0.0,0,3ZN4j9K3Te2KLb99tUfjAEPuySaGjZb8Q1VucNL1CDW3zTiZ84oZxN1KNdtQ1mygLdVgNeE4T4MKngWXNjgW7cqT,2Z9NvsjWpKYkFdo6FGfx8r8GVYWBStsxmgQghz7KjnbN3kL939UKVB9M9f6aB9V1JGZXcG7DBBBeDV7Ja1kUCFhv
985sqazousgFWXYTMnoLHBsdUfWJfHoCcPCYhkYBhVdZ,early buyer,2,2,2,1.630031,1.525718,-0.104312,38958386.75,38958386.75,0.0,0.0,2.5528,0.0,0.0,0.0,0,661JfN9XcurB2d9gCGhSVJ3j5wqWNUtbfMasYjWuxkqXT8i4nwuxQsA7Bevs4A11StzFALgYK1wZPqefUL3m3H1s,2QgRjvkhpiCDa6KG4RqS4mVFt9JoD9hbZge9oEJRSWiT1etCQMKtrbtztjUJiHTb1M5Ug2U6s2fz6Bayw1DVruX8
7vZu6HQakBZmvYjD2GWKLRcdm4vVtaS5qxxrY3bZ1uQP,early buyer,2,2,2,1.671493,1.408872,-0.262621,38054354.51,38054354.51,0.0,0.0,2.4772,0.0,0.0,0.0,0,47opee5X4ih19dqUKUPZdvKNiwmXqT8zReqeZaAiYqr6GakpnsHqkXuAfyLazBvWrUYc3KdkvV2fc7qJdNjgUoG5,43uLRowFVJvkBeQvTZYSZL4baePHVnBp51fwkcK5YNweZKfbH9Y7KZoF1J6xfcKjdMXdYodKLFzPdPhdm2pNdeFY
J2ztQnZijWHQZeF18o6wvcKFttovvBoUjUvHPB4w2911,early buyer,2,2,2,1.506155,1.29795,-0.208205,36688772.45,36688772.45,0.0,0.0,2.4696,0.0,0.0,0.0,0,3KZyrP4HpiVqYMs1ZsKVaHWiyomcNzkGi6xr5Eb1Kc8o7k5rAyo4ZeLzmK6KHt4LSUqcpFHFhgFTcqPv4iu6UrBV,2yEMuV27bEb6zALdY9fG5V2VHfrR6ztkD8Sz6LJZ7Ry3Js48gsWdUEszqSCG7dijSjxNi566g1Hry8jR4SZ1ggWh
4C8J6NdWviAscujksXZHXiHCmcJwUqNK3sYj4Gccgio6,top10 snapshot,,2,2,0.898567,2.739325,1.840757,22993460.79,22993460.79,0.0,0.0,2.2896,0.0,0.0,0.0,4,3hZ5CAdiA5wxUWoBJG4NBjG7J8B49CGFFgdGwwjqC8E3bbqU9aY49TXSWxG88RPQuon79bU64boMYgQDbCkepykf,U54u1Hhdx8uHh9CoYC6bUwrze92KXgviD7d2Ve9YgdSBjs9Z1yPoi1hXqHNt2A4VxsdmWk2A4qj7ZYGGg9fy6cE
3SfQKT4BKxrd6C2x4haVdQ8spY1Kf8ALv7CSNrTSiy7j,top10 snapshot,1,1,1,0.894105,1.247874,0.35377,21153041.51,10576520.75,0.0,10576520.75,2.1153,0.0,0.0,0.0,0,3kVSAXFMRcJk6g99j68EedjZv4Gk4yEoQVAf2aJjPKaVEL8m4YFPVozii9Uwar9p2DAD5Dvp8M87gH9uHbnGAYp8,2fYABJRpxNxHSR527xj9SWoPeqmYN96NGiLGBCXbe5LPmgQF7kvbSt7YEFmGfSwJJbfqqW4QVgWjKmeVGqLM6aE3
9bfwuANwuEEaxuhY49Mk7hn8dr6sHPzbPKF7k3dhmVZB,top10 snapshot,1,96,36,90.743014,106.380241,15.637227,24786184.93,23824462.67,0.0,0.0,2.1029,961722.259919,33.584536501588545,32.60479164482653,0,5k7sQnpu8w9YTZ1eEbSCRDynpGto5AKZi5jyBv6DwzYSMW7Nse3L7kdffEib23QctEjPtAR8QoTVyicWAk6dGSaJ,5gsQhab2Ej8qaMDSs28TU5Jpiaj3hGbFwZvcy6QN6m5JSsSKYwY5r2iJ1PrDs2PGCdatnPW8nEJp5pUwLftT6qgg
7QtDFgZhLycDiC5RspB2tPyoV6EkbLwetDSKCiWJxKLL,top10 snapshot,,31,67,161.925883,337.473548,175.547665,23998784.55,23649195.48,5201.47,165501.27,1.8211,189289.272418,6.61021663304007,6.555600986418676,95,44CPpaLfxMAjPRKMVgNt31vynp6JcMFjz3N53mnokggaUy8Qov91xXGcZ46pbmVynfgAKvWRieiQC1gwvXeBnoSW,2LcYKt9hCsoKJpDKybcFosGd1H8mCa9EMPt8kG6PTDHqnDV7gvkyiuCDTsYVFNuiHPtVaG4c3rbU43gNixcNxihk
ojiyURrcv3kvTaqdFN1gPYQ56GeyQbR6z9iN3JCpk67,early buyer,1,1,1,0.732044,0.711574,-0.02047,17082031.49,17082031.49,0.0,0.0,1.7082,0.0,0.0,0.0,0,5U9uhb7usEywgfAyfh51Q9CLzT1VZvYHiHt8icUpaPidKqJuHiQ2M56XAMQhwhhRTLj3jNpCGkrRtSM5iQX5qZyR,4tazQhmpeKPJFBarwWCWbCrZuNYpe5fmU7bkh6pCW9FfFPf2RfsYLaoo4dXd4x38SqSE3MT82x9xTUbVeseEXXvp
BS3FxZoEnDjt76iR3WhEkQZhLqLARVCDFu4dc4Z9dE3B,créateur,,1,0,0.400988,0.0,-0.400988,13634393.23,0.0,2.36,0.0,1.3634,13634395.589073,476.130038184711,343.4394826060418,0,4wi3ZcYaGunjZx7Z9JoA2fa1CNY9zMs5xSa4BNwUjJzfBG5NRHtHiMQ1CB1e4j4iQJ2BTzL3xLksdmbGjLEqLYNB,5T4aYpVw3QZgRd7VTGw7bUd6frGbSwhnky4Tkqmw35mQUHdmmHVmXcZCULFEADniTBUupH3fw8M4qh3YqYyKvKBH
Hh2yn37jiXuwCM4nkvAZPbc8CjL6j32Ho38giC1y2PzL,early buyer,1,1,1,0.452944,0.504119,0.051175,9473128.5,9473128.5,0.0,0.0,0.9473,0.0,0.0,0.0,0,4SHm25po2zPZUP3G8s3wurw6hUpYLnTG2JGQS3mKVumdK41B3sErLqiXPm8qS5BrE2dZoS7a6QijqMNcH9AdhNz8,4DHtUCB2jXer9wWVcLQ8Ucx1hPzX8UdvKvRNc2f6f9qaDxUx8wKBGUbc8jP3mPQHjkdfcSxXGzFnx7JsbmVjEahp
FSz6mptAxKrjDjaJYQiGiCGGwsxL4WgWjsh9sGhw4BZX,early buyer,1,7,7,2.12201,2.398304,0.276294,29826276.56,29826276.56,0.0,0.0,0.7908,0.0,0.0,0.0,0,pJfqch9XnSPpXcKFtb7pY5ENM7Z3utdwDaec91HBaqzrVYsvtjZhMxWEbGaysEyPX1M2QZXvn2XK284f17vSuST,21XjYvRcKmM3bJjXGazRZ9cBBQrUZMWzDGsYWuXHc3JVrRvUPMYMtKpcJvaJv2zwFWzeu7cVLAuQyU3ttFCVGLiZ
Gsjt6kLdidphL7FbzZyS4W1WohqEQoLoZa3h9782NPqB,early buyer,1,1,1,0.208519,0.157599,-0.05092,4582941.23,4582941.23,0.0,0.0,0.4583,0.0,0.0,0.0,0,VywqGszCFH8XvkfjdCUMUB5xp5QVudFZydBZJMRFZyDpvagZ7mnVye4TdPAMXKAZssznXgLyeBYci9nC1yc5y9C,4M3Limds6yCKwPDThjxpnmfLvf5MyzL7awD9o3jfNkicvUGszaMLixp8cK6rvZGQNKFySAB9uGerA92qirxg6kS1
5FihbCbCqXdz6yHcVWyyJbn1G2cpoarJ38RyAGFquks4,early buyer,1,1,2,0.053369,0.055508,0.00214,1190686.78,1190805.18,118.39,0.0,0.1191,0.0,0.0,0.0,0,62vSuKieN493zGT9yFBQ2S77Jxp36y1UERuzthbVu6o3ud4X3MovjZpdKRVkWLpJECAeXRAzVTn1vFXUu9wmWHHZ,5wUm2eU5rxfsp8saekuztbcnyVkc6h1ywAkGzSLMiXERJMeLmYXGD7jgyP8aAzwJi9vGYArmgePzJ92n3G4BWC8Q
H3dMhUXA153HdEVkG9KLURpBQwpwvQdt4B6nEvgod4Fw,early buyer,,2,1,0.037847,0.006288,-0.031559,215985.97,215985.97,0.0,0.0,0.0216,1e-06,3.492124275507272e-11,3.4816479026806525e-11,0,4VbdyrvyuxdhXBDfhR8GzrBdpu1KUhTD9iDVF5NLiTHGfC7z2QtwhwfRAZcVxzRPYA8vPWq9WjgXoHMeFoQHDnTB,2D6R58bwWm3Fr3QxGs8Kqwx6rPy7kbzJzaKusX87h5GWi6jvRrbCfDXi2mUdQGn3UxmHdeU7UbXHukaoVr2mrNph
